Horizon Zero Dawn,59.99,PlayStation_5,Xbox_X
The Legend of Zelda: Breath of the Wild,59.99,Switch
Halo Infinite,59.99,Xbox_X
Spider-Man: Miles Morales,49.99,PlayStation_5
Super Mario Odyssey,59.99,Switch
Forza Horizon 5,59.99,Xbox_X
God of War,19.99,PlayStation_5
Animal Crossing: New Horizons,49.99,Switch
Death Stranding,39.99,PlayStation_5,Xbox_X
The Last of Us Part II,39.99,PlayStation_5
Mario Kart 8 Deluxe,59.99,Switch
Gears 5,29.99,Xbox_X
Demon's Souls,69.99,PlayStation_5
Breathedge,24.99,Xbox_X,PlayStation_5
Mario + Rabbids Kingdom Battle,59.99,Switch
Returnal,69.99,PlayStation_5
Resident Evil Village,59.99,Xbox_X,PlayStation_5
Luigi's Mansion 3,59.99,Switch
Psychonauts 2,59.99,Xbox_X,PlayStation_5
Ghost of Tsushima,39.99,PlayStation_5
Overwatch,19.99,Xbox_X,PlayStation_5
Paper Mario: The Origami King,59.99,Switch
Doom Eternal,29.99,Xbox_X,PlayStation_5
Super Smash Bros. Ultimate,59.99,Switch
Assassin's Creed Valhalla,49.99,Xbox_X,PlayStation_5
Cuphead,19.99,Xbox_X
The Elder Scrolls V: Skyrim,39.99,Xbox_X,PlayStation_5
Astral Chain,59.99,Switch
Gears Tactics,59.99,Xbox_X
Ratchet & Clank: Rift Apart,69.99,PlayStation_5
The Outer Worlds,39.99,Xbox_X,PlayStation_5
Octopath Traveler,59.99,Switch
Forza Motorsport 7,59.99,Xbox_X
Nier: Automata,39.99,Xbox_X,PlayStation_5
Pokemon Sword and Shield,59.99,Switch
Hitman 3,59.99,Xbox_X,PlayStation_5
Marvel's Avengers,59.99,Xbox_X,PlayStation_5
New Super Mario Bros. U Deluxe,59.99,Switch
Crash Bandicoot 4: It's About Time,39.99,Xbox_X,PlayStation_5
Astro's Playroom,0.0,PlayStation_5
Star Wars Jedi: Fallen Order,39.99,Xbox_X,PlayStation_5
Super Mario 3D World + Bowser's Fury,59.99,Switch
Overcooked! 2,24.99,Xbox_X,PlayStation_5
Monster Hunter Rise,59.99,Switch
Forza Horizon 4,59.99,Xbox_X
No Man's Sky,29.99,Xbox_X,PlayStation_5
Ring Fit Adventure,79.99,Switch
Deathloop,59.99,PlayStation_5
